omgnetwork,0,1
omgnetwork,1,6
omgnetwork,2,15
omgnetwork,3,3
omgnetwork,4,4
omgnetwork,5,0
omgnetwork,6,2
omgnetwork,7,2
omgnetwork,8,3
omgnetwork,9,1
omgnetwork,10,2
omgnetwork,11,25
omgnetwork,12,30
omgnetwork,13,9
omgnetwork,14,4
omgnetwork,15,9
omgnetwork,16,1
omgnetwork,17,1
omgnetwork,18,3
omgnetwork,19,3
omgnetwork,20,21
omgnetwork,21,2
omgnetwork,22,1
omgnetwork,23,0
omgnetwork,24,1
omgnetwork,25,1
omgnetwork,26,2
omgnetwork,27,2
omgnetwork,28,3
omgnetwork,29,0
maticnetwork,0,9
maticnetwork,1,1
maticnetwork,2,13
maticnetwork,3,4
maticnetwork,4,3
maticnetwork,5,18
maticnetwork,6,2
maticnetwork,7,30
maticnetwork,8,13
maticnetwork,9,1
maticnetwork,10,30
maticnetwork,11,4
maticnetwork,12,30
maticnetwork,13,18
maticnetwork,14,3
maticnetwork,15,3
maticnetwork,16,3
maticnetwork,17,1
maticnetwork,18,1
maticnetwork,19,4
maticnetwork,20,1
maticnetwork,21,1
maticnetwork,22,2
maticnetwork,23,30
maticnetwork,24,5
maticnetwork,25,9
maticnetwork,26,30
maticnetwork,27,7
maticnetwork,28,2
maticnetwork,29,4
cryptoeconomicslab,0,5
perun-network,0,2
perun-network,1,18
perun-network,2,9
perun-network,3,3
perun-network,4,30
perun-network,5,2
perun-network,6,5
perun-network,7,3
perun-network,8,5
raiden-network,0,30
raiden-network,1,13
raiden-network,2,8
raiden-network,3,23
raiden-network,4,2
raiden-network,5,19
raiden-network,6,5
raiden-network,7,8
raiden-network,8,18
raiden-network,9,13
raiden-network,10,3
raiden-network,11,15
raiden-network,12,10
raiden-network,13,3
raiden-network,14,5
raiden-network,15,13
raiden-network,16,21
raiden-network,17,17
raiden-network,18,13
raiden-network,19,15
raiden-network,20,0
raiden-network,21,10
raiden-network,22,3
raiden-network,23,3
raiden-network,24,0
raiden-network,25,29
raiden-network,26,1
raiden-network,27,1
raiden-network,28,2
raiden-network,29,2
connext,0,18
connext,1,2
connext,2,12
connext,3,3
connext,4,4
connext,5,15
connext,6,8
connext,7,9
connext,8,17
connext,9,7
connext,10,29
connext,11,7
connext,12,2
connext,13,2
connext,14,12
connext,15,5
connext,16,21
connext,17,3
connext,18,3
connext,19,9
connext,20,4
connext,21,3
connext,22,1
AztecProtocol,0,13
AztecProtocol,1,2
AztecProtocol,2,1
AztecProtocol,3,6
AztecProtocol,4,3
AztecProtocol,5,2
AztecProtocol,6,15
AztecProtocol,7,1
AztecProtocol,8,4
AztecProtocol,9,1
AztecProtocol,10,1
AztecProtocol,11,8
AztecProtocol,12,30
AztecProtocol,13,30
AztecProtocol,14,6
AztecProtocol,15,7
AztecProtocol,16,4
AztecProtocol,17,4
AztecProtocol,18,4
AztecProtocol,19,1
AztecProtocol,20,3
AztecProtocol,21,1
AztecProtocol,22,4
AztecProtocol,23,1
AztecProtocol,24,2
AztecProtocol,25,3
AztecProtocol,26,5
AztecProtocol,27,1
matter-labs,0,30
LoopringSecondary,0,12
starkware-libs,0,1
starkware-libs,1,1
starkware-libs,2,1
starkware-libs,3,2
starkware-libs,4,1
starkware-libs,5,1
fuellabs,0,2
fuellabs,1,3
fuellabs,2,2
fuellabs,3,2
fuellabs,4,2
fuellabs,5,3
fuellabs,6,2
ethereum-optimism,0,30
ethereum-optimism,1,19
ethereum-optimism,2,4
ethereum-optimism,3,14
ethereum-optimism,4,2
ethereum-optimism,5,5
ethereum-optimism,6,19
ethereum-optimism,7,30
ethereum-optimism,8,29
ethereum-optimism,9,30
ethereum-optimism,10,30
ethereum-optimism,11,5
ethereum-optimism,12,2
ethereum-optimism,13,4
ethereum-optimism,14,10
ethereum-optimism,15,2
ethereum-optimism,16,16
ethereum-optimism,17,4
ethereum-optimism,18,6
ethereum-optimism,19,30
ethereum-optimism,20,30
ethereum-optimism,21,8
ethereum-optimism,22,1
ethereum-optimism,23,2
ethereum-optimism,24,6
ethereum-optimism,25,1
ethereum-optimism,26,5
ethereum-optimism,27,4
ethereum-optimism,28,5
ethereum-optimism,29,0
OffchainLabs,0,17
celer-network,0,6
celer-network,1,4
celer-network,2,3
celer-network,3,1
celer-network,4,1
celer-network,5,1
celer-network,6,3
celer-network,7,4
celer-network,8,2
celer-network,9,3
celer-network,10,4
celer-network,11,2
celer-network,12,4
celer-network,13,5
celer-network,14,2
celer-network,15,1
celer-network,16,4
celer-network,17,30
celer-network,18,1
celer-network,19,2
celer-network,20,1
celer-network,21,30
celer-network,22,10
celer-network,23,3
celer-network,24,3
celer-network,25,23
celer-network,26,2
celer-network,27,30
celer-network,28,30
celer-network,29,2
skalenetwork,0,12
skalenetwork,1,1
skalenetwork,2,4
skalenetwork,3,9
skalenetwork,4,1
skalenetwork,5,7
skalenetwork,6,2
skalenetwork,7,11
skalenetwork,8,7
skalenetwork,9,4
skalenetwork,10,4
skalenetwork,11,12
skalenetwork,12,16
skalenetwork,13,7
skalenetwork,14,5
skalenetwork,15,11
skalenetwork,16,5
skalenetwork,17,7
skalenetwork,18,11
skalenetwork,19,9
skalenetwork,20,6
skalenetwork,21,13
skalenetwork,22,12
skalenetwork,23,2
skalenetwork,24,6
skalenetwork,25,8
skalenetwork,26,3
skalenetwork,27,30
skalenetwork,28,1
skalenetwork,29,4
